Live TV SPORT ,Hour 6,Hour 7,Hour 8,Hour 9,Hour 10,Hour 11,Hour 12,Hour 13,Hour 14,Hour 15,Hour 16,Hour 17,Hour 18,Hour 19,Hour 20,Hour 21,Hour 22,Hour 23
FOOTBALL (MAS VS KOREA),0.5,0.3,0.4,0.3,0.5,0.4,0.3,0.2,0.2,0.1,0.5,0.4,0.3,0.1,0.2,0.4,0.3,0.2
BADMINTON (PIALA EMAS),0.0,0.0,0.0,0.2,0.1,0.3,0.2,0.1,0.4,0.3,0.4,0.5,0.4,0.6,0.4,0.3,0.4,0.3
CRICKET (IND VS PAK),0.1,0.1,0.2,0.4,0.3,0.2,0.1,0.2,0.3,0.4,0.5,0.4,0.3,0.4,0.3,0.5,0.3,0.4
SOFTBALL (MAS VS IND),0.2,0.1,0.1,0.3,0.2,0.1,0.2,0.3,0.4,0.5,0.4,0.3,0.4,0.5,0.4,0.3,0.4,0.5
HOKI (MAS VS PAK),0.3,0.4,0.3,0.4,0.4,0.5,0.3,0.4,0.5,0.4,0.3,0.2,0.1,0.2,0.3,0.2,0.2,0.3
HOKI (KOREA VS INDIA),0.2,0.3,0.2,0.1,0.1,0.2,0.2,0.4,0.4,0.3,0.3,0.3,0.5,0.6,0.4,0.5,0.4,0.3
FOOTBALL MFL (JOHOR VS SELANGOR),0.1,0.2,0.3,0.3,0.2,0.3,0.3,0.1,0.4,0.3,0.4,0.3,0.5,0.3,0.4,0.6,0.4,0.3
FUTSAL (MAS VS BRA),0.3,0.3,0.3,0.2,0.2,0.1,0.2,0.4,0.3,0.3,0.3,0.3,0.2,0.3,0.2,0.3,0.5,0.3
NETBALL (JPN VS MAS),0.3,0.3,0.4,0.3,0.2,0.2,0.3,0.4,0.4,0.3,0.2,0.2,0.2,0.1,0.1,0.3,0.3,0.2
BOXING (MAS VS IND),0.4,0.3,0.3,0.2,0.2,0.1,0.1,0.1,0.1,0.3,0.3,0.3,0.2,0.3,0.4,0.3,0.4,0.6
